Afflicted.ogg,Afflicted
day_cackle.ogg,The Cackle
day_yes_chef.ogg,Yes Chef
downbeat_needs_a_sac.ogg,Downbeat Needs a Sac
downbeatwings.ogg,Downbeat Got Wings
focus_up.ogg,Focus Up
goat_are_you_serious.ogg,Are you serious
goat_be_bouncin.ogg,Goat be bouncin
goat_no_shot.ogg,No shot
goat_thats_crazy.ogg,That's crazy
goat_this_the_pull.ogg,This is the pull
healthpots_lockrocks.ogg,Healthpots Lockrocks
keep_the_dice_away.ogg,Keep Those Dice Away
lebrons_legacy.ogg,Lebron's Legacy
lets_kill_this_boss.ogg,Lets Kill This Boss
login.ogg,Login
logout.ogg,Logout
miles_ahead.ogg,Miles Ahead
pi_me.ogg,Pi Me Now
posture_check.ogg,Posture Check
proggers.ogg,Proggers
reefer_madness.ogg,Reefer Madness
shuuya_buff_arcane_intellect.ogg,Buff:ArcaneIntellect
shuuya_buff_battle_shout.ogg,Buff:BattleShout
shuuya_buff_blessing_of_the_bronze.ogg,Buff:BlessingOfTheBronze
shuuya_buff_mark_of_the_wild.ogg,Buff:MarkOfTheWild
shuuya_buff_power_word_fortitude.ogg,Buff:PowerWordFort
stars_take_everyones_man.ogg,Stars Takes Everyone's Man